,year,no_cohort_donors_y1,no_donations_y1,amt_donated_y1,no_cohort_donors_y2,no_donations_y2,amt_donated_y2,no_cohort_donors_y3,no_donations_y3,amt_donated_y3,no_cohort_donors_y4,no_donations_yr4,amt_donated_y4,no_cohort_donors_y5,no_donations_y5,amt_donated_y5,donor_retention_rate_yr2,donor_retention_rate_yr3,donor_retention_rate_yr4,donor_retention_rate_yr5
0,2013,320102,573983,30428184.74,62142,285259,15286871.11,42240,184148,12595399.86,32642,152544,11403685.98,26933,160109,11159399.13,19.41318705,67.97335136,77.27746212,82.51026285
1,2014,320675,461349,26174346.8,48667,131028,7745897.26,31525,89558,6437708.77,24290,86127,5818855.02,,,,15.17642473,64.77695358,77.04996035,
2,2015,355141,468186,30147004.32,46078,112446,8280549.87,31844,98312,7444163.63,,,,,,,12.97456503,69.1089023,,
3,2016,445598,602717,36530214.52,56538,177433,10475760.27,,,,,,,,,,12.68811799,,,
4,2017,434994,668561,37973855.48,,,,,,,,,,,,,,,,
